file_name,pca_1,pca_2
Hukum - Thalaivar Alappara (PenduJa...,-6.928203230275506,5.327913910369832e-15
Leo - Ratata Video Thalapathy Vijay...,6.928203230275519,5.327913910369822e-15
